subject,electrode,session_id,class1_accuracy,class2_accuracy,total_accuracy,sample_bias
4,Gel,2,0.43036211699164345,0.6312399355877617,0.5235250186706497,0.20087781859611825
4,Poly,2,0.4650837988826816,0.5689320388349515,0.5085296506904955,0.10384823995226988
5,Gel,2,0.6281929990539262,0.5938864628820961,0.6103542234332425,0.034306536171830104
5,Poly,2,0.5264040234702431,0.4697088906372935,0.4971590909090909,0.05669513283294958
6,Gel,2,0.42302158273381296,0.689873417721519,0.506429277942631,0.26685183498770604
6,Poly,2,0.35365853658536583,0.6317829457364341,0.49603174603174605,0.2781244091510683