subject,electrode,session_id,correct,incorrect,no_decision
4,Gel,2,0.5166666666666667,0.35,0.13333333333333333
5,Gel,2,0.25,0.08333333333333333,0.6666666666666666
6,Gel,2,0.11666666666666667,0.15,0.7333333333333333
6,Poly,2,0.31666666666666665,0.3333333333333333,0.35
4,Poly,2,0.3333333333333333,0.4166666666666667,0.25
5,Poly,2,0.13333333333333333,0.11666666666666667,0.75
