subject,electrode,session_id,correct,incorrect,no_decision
4,Gel,2,0.4666666666666667,0.35,0.18333333333333332
4,Poly,2,0.48333333333333334,0.4666666666666667,0.05
5,Gel,2,0.15,0.05,0.8
5,Poly,2,0.18333333333333332,0.21666666666666667,0.6
6,Gel,2,0.4,0.06666666666666667,0.5333333333333333
6,Poly,2,0.38333333333333336,0.36666666666666664,0.25
