subject,electrode,correct,incorrect,no_decision
4,Gel,0.55,0.21666666666666667,0.23333333333333334
4,Poly,0.3333333333333333,0.31666666666666665,0.35
5,Gel,0.05,0.0,0.95
5,Poly,0.06666666666666667,0.08333333333333333,0.85
6,Gel,0.43333333333333335,0.25,0.31666666666666665
6,Poly,0.26666666666666666,0.31666666666666665,0.4166666666666667
