subject,electrode,session_id,correct,incorrect,no_decision
4,Gel,2,0.48333333333333334,0.5,0.016666666666666666
4,Gel,2,0.0,0.0,1.0
4,Gel,2,0.5,0.48333333333333334,0.016666666666666666
4,Gel,2,0.5,0.48333333333333334,0.016666666666666666
4,Gel,2,0.0,0.0,1.0
4,Gel,1,0.16666666666666666,0.11666666666666667,0.7166666666666667
